INSERT INTO authors(id, name)
VALUES (1, 'Guf'),
       (2, 'Slim'),
       (3, 'Basta');

INSERT INTO albums(id, name)
VALUES (1, 'Альбом Гуфа'),
       (2, 'Альбом Слима'),
       (3, 'Альбом Басты'),
       (4, 'Совместный альбом Гуфа и Басты');

INSERT INTO authors_albums(author_id, album_id)
VALUES (1, 1),
       (2, 2),
       (3, 3),
       (1, 4),
       (3, 4);

INSERT INTO songs(id, album_id, name)
VALUES (1, 1, 'Песня Гуфа 1'),
       (2, 1, 'Песня Гуфа 2'),
       (3, 1, 'Песня Гуфа  и Слима 3'),
       (4, 2, 'Песня Слима 1'),
       (5, 2, 'Песня Слима 2'),
       (6, 2, 'Песня Слима и Гуфа 3'),
       (7, 3, 'Песня Басты 1'),
       (8, 3, 'Песня Басты 2'),
       (9, 3, 'Песня Басты и Гуфа 3'),
       (10, null, 'Песня Басты и Слима'),
       (11, null, 'Сингл Гуфа 1'),
       (12, null, 'Сингл Гуфа 2'),
       (13, null, 'Сингл Слима 1'),
       (14, null, 'Сингл Слима 2'),
       (15, null, 'Сингл Басты 1'),
       (16, null, 'Сингл Басты 2');

INSERT INTO authors_songs(author_id, song_id)
VALUES (1, 1),
       (1, 2),
       (1, 3),
       (2, 3),
       (2, 4),
       (2, 5),
       (2, 6),
       (1, 6),
       (3, 7),
       (3, 8),
       (3, 9),
       (1, 9),
       (2, 10),
       (3, 10),
       (1, 11),
       (1, 12),
       (2, 13),
       (2, 14),
       (3, 15),
       (3, 16);

INSERT INTO songs_stat(song_id, date, count_plays)
VALUES (1, '2024-05-01', FLOOR(RANDOM()*(1000 - 5 + 1)) + 5),
       (1, '2024-04-01', FLOOR(RANDOM()*(1000 - 5 + 1)) + 5),
       (1, '2024-03-01', FLOOR(RANDOM()*(1000 - 5 + 1)) + 5),
       (1, '2024-02-01', FLOOR(RANDOM()*(1000 - 5 + 1)) + 5),
       (1, '2024-01-01', FLOOR(RANDOM()*(1000 - 5 + 1)) + 5),
       (1, '2023-12-01', FLOOR(RANDOM()*(1000 - 5 + 1)) + 5),
       (1, '2023-11-01', FLOOR(RANDOM()*(1000 - 5 + 1)) + 5),

       (2, '2024-05-01', FLOOR(RANDOM()*(1000 - 5 + 1)) + 5),
       (2, '2024-04-01', FLOOR(RANDOM()*(1000 - 5 + 1)) + 5),
       (2, '2024-03-01', FLOOR(RANDOM()*(1000 - 5 + 1)) + 5),
       (2, '2024-02-01', FLOOR(RANDOM()*(1000 - 5 + 1)) + 5),
       (2, '2024-01-01', FLOOR(RANDOM()*(1000 - 5 + 1)) + 5),
       (2, '2023-12-01', FLOOR(RANDOM()*(1000 - 5 + 1)) + 5),
       (2, '2023-11-01', FLOOR(RANDOM()*(1000 - 5 + 1)) + 5),

       (3, '2024-05-01', FLOOR(RANDOM()*(1000 - 5 + 1)) + 5),
       (3, '2024-04-01', FLOOR(RANDOM()*(1000 - 5 + 1)) + 5),
       (3, '2024-03-01', FLOOR(RANDOM()*(1000 - 5 + 1)) + 5),
       (3, '2024-02-01', FLOOR(RANDOM()*(1000 - 5 + 1)) + 5),
       (3, '2024-01-01', FLOOR(RANDOM()*(1000 - 5 + 1)) + 5),
       (3, '2023-12-01', FLOOR(RANDOM()*(1000 - 5 + 1)) + 5),
       (3, '2023-11-01', FLOOR(RANDOM()*(1000 - 5 + 1)) + 5),

       (4, '2024-05-01', FLOOR(RANDOM()*(1000 - 5 + 1)) + 5),
       (4, '2024-04-01', FLOOR(RANDOM()*(1000 - 5 + 1)) + 5),
       (4, '2024-03-01', FLOOR(RANDOM()*(1000 - 5 + 1)) + 5),
       (4, '2024-02-01', FLOOR(RANDOM()*(1000 - 5 + 1)) + 5),
       (4, '2024-01-01', FLOOR(RANDOM()*(1000 - 5 + 1)) + 5),
       (4, '2023-12-01', FLOOR(RANDOM()*(1000 - 5 + 1)) + 5),
       (4, '2023-11-01', FLOOR(RANDOM()*(1000 - 5 + 1)) + 5),

       (5, '2024-05-01', FLOOR(RANDOM()*(1000 - 5 + 1)) + 5),
       (5, '2024-04-01', FLOOR(RANDOM()*(1000 - 5 + 1)) + 5),
       (5, '2024-03-01', FLOOR(RANDOM()*(1000 - 5 + 1)) + 5),
       (5, '2024-02-01', FLOOR(RANDOM()*(1000 - 5 + 1)) + 5),
       (5, '2024-01-01', FLOOR(RANDOM()*(1000 - 5 + 1)) + 5),
       (5, '2023-12-01', FLOOR(RANDOM()*(1000 - 5 + 1)) + 5),
       (5, '2023-11-01', FLOOR(RANDOM()*(1000 - 5 + 1)) + 5),

       (6, '2024-05-01', FLOOR(RANDOM()*(1000 - 5 + 1)) + 5),
       (6, '2024-04-01', FLOOR(RANDOM()*(1000 - 5 + 1)) + 5),
       (6, '2024-03-01', FLOOR(RANDOM()*(1000 - 5 + 1)) + 5),
       (6, '2024-02-01', FLOOR(RANDOM()*(1000 - 5 + 1)) + 5),
       (6, '2024-01-01', FLOOR(RANDOM()*(1000 - 5 + 1)) + 5),
       (6, '2023-12-01', FLOOR(RANDOM()*(1000 - 5 + 1)) + 5),
       (6, '2023-11-01', FLOOR(RANDOM()*(1000 - 5 + 1)) + 5),

       (7, '2024-05-01', FLOOR(RANDOM()*(1000 - 5 + 1)) + 5),
       (7, '2024-04-01', FLOOR(RANDOM()*(1000 - 5 + 1)) + 5),
       (7, '2024-03-01', FLOOR(RANDOM()*(1000 - 5 + 1)) + 5),
       (7, '2024-02-01', FLOOR(RANDOM()*(1000 - 5 + 1)) + 5),
       (7, '2024-01-01', FLOOR(RANDOM()*(1000 - 5 + 1)) + 5),
       (7, '2023-12-01', FLOOR(RANDOM()*(1000 - 5 + 1)) + 5),
       (7, '2023-11-01', FLOOR(RANDOM()*(1000 - 5 + 1)) + 5),

       (8, '2024-05-01', FLOOR(RANDOM()*(1000 - 5 + 1)) + 5),
       (8, '2024-04-01', FLOOR(RANDOM()*(1000 - 5 + 1)) + 5),
       (8, '2024-03-01', FLOOR(RANDOM()*(1000 - 5 + 1)) + 5),
       (8, '2024-02-01', FLOOR(RANDOM()*(1000 - 5 + 1)) + 5),
       (8, '2024-01-01', FLOOR(RANDOM()*(1000 - 5 + 1)) + 5),
       (8, '2023-12-01', FLOOR(RANDOM()*(1000 - 5 + 1)) + 5),
       (8, '2023-11-01', FLOOR(RANDOM()*(1000 - 5 + 1)) + 5),

       (9, '2024-05-01', FLOOR(RANDOM()*(1000 - 5 + 1)) + 5),
       (9, '2024-04-01', FLOOR(RANDOM()*(1000 - 5 + 1)) + 5),
       (9, '2024-03-01', FLOOR(RANDOM()*(1000 - 5 + 1)) + 5),
       (9, '2024-02-01', FLOOR(RANDOM()*(1000 - 5 + 1)) + 5),
       (9, '2024-01-01', FLOOR(RANDOM()*(1000 - 5 + 1)) + 5),
       (9, '2023-12-01', FLOOR(RANDOM()*(1000 - 5 + 1)) + 5),
       (9, '2023-11-01', FLOOR(RANDOM()*(1000 - 5 + 1)) + 5),

       (10, '2024-05-01', FLOOR(RANDOM()*(1000 - 5 + 1)) + 5),
       (10, '2024-04-01', FLOOR(RANDOM()*(1000 - 5 + 1)) + 5),
       (10, '2024-03-01', FLOOR(RANDOM()*(1000 - 5 + 1)) + 5),
       (10, '2024-02-01', FLOOR(RANDOM()*(1000 - 5 + 1)) + 5),
       (10, '2024-01-01', FLOOR(RANDOM()*(1000 - 5 + 1)) + 5),
       (10, '2023-12-01', FLOOR(RANDOM()*(1000 - 5 + 1)) + 5),
       (10, '2023-11-01', FLOOR(RANDOM()*(1000 - 5 + 1)) + 5),

       (11, '2024-05-01', FLOOR(RANDOM()*(1000 - 5 + 1)) + 5),
       (11, '2024-04-01', FLOOR(RANDOM()*(1000 - 5 + 1)) + 5),
       (11, '2024-03-01', FLOOR(RANDOM()*(1000 - 5 + 1)) + 5),
       (11, '2024-02-01', FLOOR(RANDOM()*(1000 - 5 + 1)) + 5),
       (11, '2024-01-01', FLOOR(RANDOM()*(1000 - 5 + 1)) + 5),
       (11, '2023-12-01', FLOOR(RANDOM()*(1000 - 5 + 1)) + 5),
       (11, '2023-11-01', FLOOR(RANDOM()*(1000 - 5 + 1)) + 5),

       (12, '2024-05-01', FLOOR(RANDOM()*(1000 - 5 + 1)) + 5),
       (12, '2024-04-01', FLOOR(RANDOM()*(1000 - 5 + 1)) + 5),
       (12, '2024-03-01', FLOOR(RANDOM()*(1000 - 5 + 1)) + 5),
       (12, '2024-02-01', FLOOR(RANDOM()*(1000 - 5 + 1)) + 5),
       (12, '2024-01-01', FLOOR(RANDOM()*(1000 - 5 + 1)) + 5),
       (12, '2023-12-01', FLOOR(RANDOM()*(1000 - 5 + 1)) + 5),
       (12, '2023-11-01', FLOOR(RANDOM()*(1000 - 5 + 1)) + 5),

       (13, '2024-05-01', FLOOR(RANDOM()*(1000 - 5 + 1)) + 5),
       (13, '2024-04-01', FLOOR(RANDOM()*(1000 - 5 + 1)) + 5),
       (13, '2024-03-01', FLOOR(RANDOM()*(1000 - 5 + 1)) + 5),
       (13, '2024-02-01', FLOOR(RANDOM()*(1000 - 5 + 1)) + 5),
       (13, '2024-01-01', FLOOR(RANDOM()*(1000 - 5 + 1)) + 5),
       (13, '2023-12-01', FLOOR(RANDOM()*(1000 - 5 + 1)) + 5),
       (13, '2023-11-01', FLOOR(RANDOM()*(1000 - 5 + 1)) + 5),

       (14, '2024-05-01', FLOOR(RANDOM()*(1000 - 5 + 1)) + 5),
       (14, '2024-04-01', FLOOR(RANDOM()*(1000 - 5 + 1)) + 5),
       (14, '2024-03-01', FLOOR(RANDOM()*(1000 - 5 + 1)) + 5),
       (14, '2024-02-01', FLOOR(RANDOM()*(1000 - 5 + 1)) + 5),
       (14, '2024-01-01', FLOOR(RANDOM()*(1000 - 5 + 1)) + 5),
       (14, '2023-12-01', FLOOR(RANDOM()*(1000 - 5 + 1)) + 5),
       (14, '2023-11-01', FLOOR(RANDOM()*(1000 - 5 + 1)) + 5),

       (15, '2024-05-01', FLOOR(RANDOM()*(1000 - 5 + 1)) + 5),
       (15, '2024-04-01', FLOOR(RANDOM()*(1000 - 5 + 1)) + 5),
       (15, '2024-03-01', FLOOR(RANDOM()*(1000 - 5 + 1)) + 5),
       (15, '2024-02-01', FLOOR(RANDOM()*(1000 - 5 + 1)) + 5),
       (15, '2024-01-01', FLOOR(RANDOM()*(1000 - 5 + 1)) + 5),
       (15, '2023-12-01', FLOOR(RANDOM()*(1000 - 5 + 1)) + 5),
       (15, '2023-11-01', FLOOR(RANDOM()*(1000 - 5 + 1)) + 5),

       (16, '2024-05-01', FLOOR(RANDOM()*(1000 - 5 + 1)) + 5),
       (16, '2024-04-01', FLOOR(RANDOM()*(1000 - 5 + 1)) + 5),
       (16, '2024-03-01', FLOOR(RANDOM()*(1000 - 5 + 1)) + 5),
       (16, '2024-02-01', FLOOR(RANDOM()*(1000 - 5 + 1)) + 5),
       (16, '2024-01-01', FLOOR(RANDOM()*(1000 - 5 + 1)) + 5),
       (16, '2023-12-01', FLOOR(RANDOM()*(1000 - 5 + 1)) + 5),
       (16, '2023-11-01', FLOOR(RANDOM()*(1000 - 5 + 1)) + 5);